,City,Lat,Lng,Max Temp,Humidity,Cloudiness,Wind Speed,Country,Date
0,Barrow,71.2906,-156.7887,26.6,74,90,11.5,US,1618627794
1,Devils Lake,48.1128,-98.8651,35.01,80,1,6.91,US,1618628019
2,Kahului,20.8947,-156.47,78.8,61,40,9.22,US,1618627767
3,Sitka,57.0531,-135.33,48.2,76,75,1.01,US,1618628113
4,Sompeta,18.9333,84.6,88.29,50,0,5.79,IN,1618627996
5,Punta Arenas,-53.15,-70.9167,48.2,71,0,19.57,CL,1618628003
6,Xai-Xai,-25.0519,33.6442,68.59,60,83,12.75,MZ,1618628114
7,Rikitea,-23.1203,-134.9692,77.7,68,100,8.57,PF,1618628115
8,Vaini,-21.2,-175.2,80.6,69,20,5.75,TO,1618628079
9,Livingston,55.9029,-3.5226,37.0,93,0,3.11,GB,1618627906
10,Hilo,19.7297,-155.09,77.0,61,90,5.75,US,1618627757
11,Quelimane,-17.8786,36.8883,75.2,83,75,5.75,MZ,1618628108
12,Busselton,-33.65,115.3333,71.01,54,24,3.0,AU,1618628116
13,Zhukovo,55.0318,36.744,46.99,100,0,2.24,RU,1618628117
14,Ushuaia,-54.8,-68.3,42.8,75,90,4.61,AR,1618627887
15,Dargaville,-35.9333,173.8833,64.24,56,2,14.61,NZ,1618628117
16,Albany,42.6001,-73.9662,39.99,77,98,6.13,US,1618628111
17,Avarua,-21.2078,-159.775,82.4,69,75,3.44,CK,1618628118
18,Saint Paul Harbor,57.79,-152.4072,48.2,61,20,6.91,US,1618628119
19,Bengkulu,-3.8004,102.2655,81.97,72,93,1.57,ID,1618628056
20,Leningradskiy,69.3833,178.4167,33.8,79,83,3.51,RU,1618628119
21,Garoowe,8.4054,48.4845,72.66,86,1,7.87,SO,1618628120
22,Hofn,64.2539,-15.2082,42.73,79,24,20.38,IS,1618628121
23,Shangrao,28.4532,117.9686,71.4,63,99,3.6,CN,1618628121
24,Kananga,-5.8958,22.4178,67.95,94,46,2.93,CD,1618628122
25,Qaanaaq,77.484,-69.3632,-2.31,92,100,6.76,GL,1618628122
26,Grindavik,63.8424,-22.4338,37.4,87,75,26.46,IS,1618628063
27,Tiksi,71.6872,128.8694,6.75,95,100,11.68,RU,1618628123
28,São Filipe,14.8961,-24.4956,70.79,74,2,10.85,CV,1618628123
29,Bredasdorp,-34.5322,20.0403,46.4,93,2,3.24,ZA,1618628124
30,Nanortalik,60.1432,-45.2371,21.16,57,0,49.19,GL,1618628124
31,Muriwai Beach,-36.8167,174.45,66.0,58,3,1.99,NZ,1618628111
32,Bluff,-46.6,168.3333,55.0,61,96,8.01,NZ,1618628125
33,Mar del Plata,-38.0023,-57.5575,64.0,100,16,3.44,AR,1618627950
34,Cidreira,-30.1811,-50.2056,69.51,81,100,5.97,BR,1618628060
35,Yellowknife,62.456,-114.3525,42.8,56,40,8.05,CA,1618628067
36,Victor Harbor,-35.5667,138.6167,64.99,56,100,1.01,AU,1618628126
37,Dublin,37.7021,-121.9358,53.01,76,20,12.66,US,1618627847
38,Miami,25.7743,-80.1937,79.0,65,40,6.91,US,1618627888
39,Isangel,-19.55,169.2667,84.2,74,75,11.5,VU,1618628063
40,Dalkola,25.85,87.85,86.13,47,1,15.59,IN,1618628128
41,Atuona,-9.8,-139.0333,80.69,77,100,18.05,PF,1618628128
42,Coquimbo,-29.9533,-71.3436,59.0,88,90,8.05,CL,1618628056
43,Erice,38.037,12.5865,59.0,94,20,3.44,IT,1618628129
44,Tromsø,69.6496,18.957,39.2,75,20,16.11,NO,1618628130
45,Lata,40.1629,-8.3327,57.0,66,14,5.01,PT,1618628130
46,Hermanus,-34.4187,19.2345,57.0,81,0,3.0,ZA,1618627864
47,Moville,42.4889,-96.0725,44.6,76,90,10.36,US,1618627865
48,Natal,-5.795,-35.2094,78.8,89,40,4.61,BR,1618627865
49,Hithadhoo,-0.6,73.0833,81.72,62,57,3.56,MV,1618627866
50,Tuktoyaktuk,69.4541,-133.0374,19.4,86,90,3.44,CA,1618627866
51,Trojes,41.756,19.962,50.0,81,75,9.51,AL,1618627867
52,Kapaa,22.0752,-159.319,73.0,78,90,3.44,US,1618627707
53,Ribeira Grande,38.5167,-28.7,63.09,95,91,18.9,PT,1618627868
54,Cape Town,-33.9258,18.4232,68.0,87,0,2.3,ZA,1618627717
55,Yangi Marg`ilon,40.4272,71.7189,64.4,36,11,4.61,UZ,1618627868
56,Diamantino,-14.4086,-56.4461,74.01,83,28,3.47,BR,1618627869
57,Pevek,69.7008,170.3133,22.59,83,100,3.33,RU,1618627779
58,Puerto Ayora,-0.7393,-90.3518,75.99,97,96,5.01,EC,1618627869
59,Ranau,5.9538,116.6641,87.8,70,20,4.61,MY,1618627870
60,Tasiilaq,65.6145,-37.6368,26.6,100,75,33.38,GL,1618627871
61,Władysławowo,54.7909,18.4009,39.99,93,0,4.61,PL,1618627871
62,Kysyl-Syr,63.8986,122.7617,25.0,78,96,13.24,RU,1618627872
63,Port-Cartier,50.0334,-66.8654,30.0,86,1,6.91,CA,1618627874
64,Souillac,-20.5167,57.5167,77.0,88,40,4.61,MU,1618627874
65,Provideniya,64.3833,-173.3,33.64,90,59,7.2,RU,1618627732
66,Castro,-24.7911,-50.0119,59.67,93,100,2.73,BR,1618627875
67,Chokurdakh,70.6333,147.9167,11.89,86,7,9.57,RU,1618627876
68,Butaritari,3.0707,172.7902,82.36,74,59,8.88,KI,1618627876
69,Mataura,-46.1927,168.8643,55.0,61,86,8.01,NZ,1618627877
70,Behren-lès-Forbach,49.1664,6.9434,33.8,80,0,4.61,FR,1618627877
71,Siderno,38.2779,16.302,53.01,66,88,8.05,IT,1618627878
72,Nikolskoye,59.7035,30.7861,41.0,45,0,6.71,RU,1618627705
73,Carnarvon,-24.8667,113.6333,82.92,39,1,6.42,AU,1618627879
74,Torbay,47.6666,-52.7314,33.01,93,90,12.66,CA,1618627879
75,Turinskaya Sloboda,57.6232,64.3858,37.78,53,0,7.07,RU,1618627880
76,Airai,-8.9266,125.4092,74.03,51,22,5.3,TL,1618627770
77,Weiser,44.251,-116.9693,66.2,18,1,5.75,US,1618627881
78,Corumbá,-19.0092,-57.6533,73.33,79,5,2.26,BR,1618627881
79,Mīnāb,27.1467,57.0801,73.4,78,40,1.12,IR,1618627882
80,Clyde River,70.4692,-68.5914,10.4,79,90,17.27,CA,1618627882
81,San Cristobal,7.7669,-72.225,84.2,61,40,6.91,VE,1618627883
82,Thompson,55.7435,-97.8558,41.0,45,40,8.05,CA,1618627883
83,Yulara,-25.2406,130.9889,69.8,30,0,16.11,AU,1618627817
84,Lobva,59.1854,60.5185,37.45,53,7,6.4,RU,1618627884
85,Cabo San Lucas,22.8909,-109.9124,71.6,60,40,3.44,MX,1618627884
86,Erdemli,36.605,34.3084,64.62,67,32,3.85,TR,1618627885
87,Sovetskiy,61.3614,63.5842,36.09,70,100,12.97,RU,1618627885
88,Yumen,40.2833,97.2,54.01,11,70,11.63,CN,1618627886
89,Cherskiy,68.75,161.3,22.33,77,96,10.63,RU,1618627887
90,Road Town,18.4167,-64.6167,79.0,89,50,5.99,VG,1618627759
91,Khovd,48.0056,91.6419,52.72,16,72,5.84,MN,1618627794
92,George Town,5.4112,100.3354,84.99,74,20,4.61,MY,1618627709
93,Hong Kong,22.2855,114.1577,75.0,92,100,1.01,HK,1618627928
94,Kaitangata,-46.2817,169.8464,59.0,42,64,15.99,NZ,1618627929
95,Wyndham,37.6985,-77.6125,53.6,47,1,3.44,US,1618627929
96,Fare,-16.7,-151.0167,81.45,74,48,5.61,PF,1618627930
97,Jamestown,42.097,-79.2353,37.99,93,90,12.66,US,1618627809
98,Fairbanks,64.8378,-147.7164,46.4,49,1,5.75,US,1618627918
99,Half Moon Bay,37.4636,-122.4286,54.0,87,90,11.5,US,1618627931
100,Belmonte,-15.8631,-38.8828,73.4,83,0,4.61,BR,1618627931
101,Mariehamn,60.0973,19.9348,32.0,74,0,9.22,AX,1618627854
102,Jinka,5.65,36.65,62.73,79,72,2.84,ET,1618627932
103,Nhulunbuy,-12.2333,136.7667,89.6,55,40,14.97,AU,1618627932
104,Kumul,42.8,93.45,65.12,9,0,9.91,CN,1618627933
105,Port Alfred,-33.5906,26.891,60.78,65,1,18.66,ZA,1618627933
106,Beloha,-25.1667,45.05,64.08,62,61,13.78,MG,1618627701
107,Guiratinga,-16.3494,-53.7583,71.31,76,9,2.17,BR,1618627933
108,Bow Island,49.8668,-111.3684,57.2,21,0,3.44,CA,1618627934
109,Touros,-5.1989,-35.4608,77.0,94,40,3.44,BR,1618627665
110,Strelka,58.0728,93.0344,19.18,55,4,10.51,RU,1618627935
111,Nemuro,43.3236,145.575,50.0,62,75,11.5,JP,1618627936
112,Bambey,14.6955,-16.4493,68.0,83,5,18.41,SN,1618627936
113,Punalūr,9.0,76.9333,86.0,74,20,3.44,IN,1618627937
114,Saint Anthony,45.0205,-93.218,51.8,37,1,7.85,US,1618627937
115,Nizhniy Odes,63.6445,54.856,32.9,81,100,9.19,RU,1618627938
116,Izhma,65.0083,53.9113,33.22,80,100,10.47,RU,1618627938
117,New Norfolk,-42.7826,147.0587,62.01,73,98,5.99,AU,1618627721
118,Shakiso,5.75,38.9167,56.84,96,32,3.29,ET,1618627939
119,Ola,59.5833,151.2833,24.8,82,100,6.8,RU,1618627940
120,Paramonga,-10.6667,-77.8333,67.82,85,100,6.55,PE,1618627940
121,Husavik,66.0449,-17.3389,41.0,60,75,13.8,IS,1618627941
122,Klaksvík,62.2266,-6.589,46.4,100,75,9.22,FO,1618627765
123,Muros,42.7762,-9.0603,46.0,68,49,9.19,ES,1618627942
124,Boa Vista,2.8197,-60.6733,78.8,89,75,2.3,BR,1618627943
125,Bambous Virieux,-20.3428,57.7575,80.01,88,40,4.61,MU,1618627943
126,Anūpshahr,28.3667,78.2667,86.13,29,69,7.74,IN,1618627943
127,Bendigo,-36.7667,144.2833,70.0,37,21,7.23,AU,1618627944
128,Horn,51.8715,8.9451,34.0,71,90,3.51,DE,1618627944
129,Dovers,12.8833,-61.1833,79.39,73,94,19.28,VC,1618627945
130,Chui,-33.6971,-53.4616,64.74,93,0,4.59,UY,1618627945
131,Norman Wells,65.282,-126.8329,46.4,49,75,8.05,CA,1618627946
132,Havelock,34.8791,-76.9013,61.0,76,1,5.75,US,1618627946
133,East London,-33.0153,27.9116,59.11,66,1,12.64,ZA,1618627947
134,Lebu,-37.6167,-73.65,53.13,87,68,9.6,CL,1618627948
135,Severo-Kuril'sk,50.6789,156.125,36.21,60,81,8.81,RU,1618627948
136,Farnes,61.3167,7.8,18.39,94,51,6.24,NO,1618627949
137,Clacton-on-Sea,51.7897,1.156,42.01,91,0,3.0,GB,1618627989
138,Hobart,-42.8794,147.3294,62.6,51,75,14.97,AU,1618627990
139,Sitges,41.2351,1.8119,48.0,77,100,1.01,ES,1618627990
140,Pangnirtung,66.1451,-65.7125,-9.42,86,19,6.89,CA,1618627754
141,Hauterive,46.0901,3.4459,35.6,64,0,8.05,FR,1618627991
142,Khatanga,71.9667,102.5,11.55,89,100,10.0,RU,1618627834
143,Banjar,-8.19,114.9675,86.0,74,20,9.22,ID,1618627992
144,Faanui,-16.4833,-151.75,82.36,71,40,5.57,PF,1618627993
145,Sindor,62.8629,51.8905,34.25,83,94,7.92,RU,1618627993
146,Tabuk,17.4189,121.4443,87.85,54,98,5.12,PH,1618627994
147,Talara,-4.5772,-81.2719,70.68,79,99,9.6,PE,1618627994
148,Verkhniye Tatyshly,56.2912,55.8575,37.4,73,7,9.46,RU,1618627995
149,Port Elizabeth,-33.918,25.5701,60.8,67,0,14.97,ZA,1618627996
150,Ancud,-41.8697,-73.8203,52.0,100,20,5.75,CL,1618627996
151,Galveston,29.3669,-94.9669,71.01,92,100,5.99,US,1618627997
152,Saint Augustine,29.8947,-81.3145,62.6,88,90,4.61,US,1618627753
153,Port Blair,11.6667,92.75,85.37,66,62,11.61,IN,1618627997
154,Témiscaming,46.7212,-79.0971,42.8,93,100,4.61,CA,1618627998
155,Mahibadhoo,3.7833,72.9667,82.81,72,25,4.65,MV,1618627999
156,Port Lincoln,-34.7333,135.8667,65.35,48,7,5.61,AU,1618628177
157,Jalu,29.0331,21.5482,81.23,14,0,13.87,LY,1618628037
158,Chunskiy,56.0815,99.6342,33.71,76,100,11.25,RU,1618628222
159,Arraial do Cabo,-22.9661,-42.0278,74.48,77,14,17.2,BR,1618628222
160,Ixtapa,20.7,-105.2,75.2,78,1,4.61,MX,1618628223
161,Vao,-22.6667,167.4833,74.1,75,55,17.36,NC,1618628223
162,Verkhnyaya Inta,65.9811,60.3094,23.4,93,100,1.41,RU,1618628224
163,Vila,42.0304,-8.1588,42.01,83,45,1.99,PT,1618628224
164,Dhali,10.5,77.1667,80.6,69,20,3.2,IN,1618628225
165,Menongue,-14.6585,17.691,58.44,73,17,3.44,AO,1618628177
166,Villablino,42.9393,-6.3194,41.0,49,4,8.01,ES,1618628056
167,Karasjok,69.4719,25.5112,44.6,57,90,4.61,NO,1618628226
168,Vardø,70.3705,31.1107,39.99,76,100,30.76,NO,1618627979
169,Mahébourg,-20.4081,57.7,77.0,88,40,4.61,MU,1618628109
170,Namatanai,-3.6667,152.4333,82.54,73,97,5.61,PG,1618628094
171,Namanga,-2.5433,36.7905,62.74,93,40,1.14,KE,1618628227
172,Namanyere,-7.5167,31.05,57.97,97,100,5.17,TZ,1618628228
173,Saint-Joseph,-21.3667,55.6167,77.0,83,0,3.44,RE,1618628228
174,Poltavka,54.3663,71.7632,34.84,69,6,7.34,RU,1618628229
175,Tilichiki,60.4667,166.1,25.75,77,100,15.95,RU,1618628229
176,Shushenskoye,53.325,91.9356,35.6,75,40,17.9,RU,1618628230
177,Aykhal,66.0,111.5,8.78,90,100,21.36,RU,1618628099
178,Dikson,73.5069,80.5464,-3.69,94,98,4.85,RU,1618628230
179,Mahanoro,-19.9,48.8,72.45,86,57,3.36,MG,1618628231
180,Chulym,55.0997,80.9572,30.2,75,97,8.61,RU,1618628252
181,Nesbyen,60.5681,9.1027,34.0,75,88,1.01,NO,1618628252
182,Paraopeba,-19.2757,-44.4033,64.4,68,0,3.44,BR,1618628253
183,Baykit,61.67,96.37,7.07,76,100,13.6,RU,1618628254
184,Bethel,41.3712,-73.414,41.0,82,95,9.53,US,1618627990
185,Ketchikan,55.3422,-131.6461,57.2,54,1,6.91,US,1618628255
186,Santa Isabel Rio Negro,-0.4139,-65.0192,73.78,98,100,1.48,BR,1618628047
187,Karratha,-20.7377,116.8463,90.99,29,1,18.5,AU,1618628108
188,Los Llanos de Aridane,28.6585,-17.9182,68.0,73,20,16.11,ES,1618628256
189,Līsakovsk,52.5369,62.4936,44.67,81,25,9.35,KZ,1618628256
190,Hasaki,35.7333,140.8333,64.0,67,75,17.27,JP,1618628253
191,Esperance,-33.8667,121.9,68.0,56,55,8.05,AU,1618628257
192,Bayonet Point,28.3267,-82.6834,75.99,86,100,8.14,US,1618628258
193,Inyonga,-6.7167,32.0667,61.14,98,66,3.44,TZ,1618628258
194,Collie,-33.3667,116.15,66.99,62,15,3.0,AU,1618628259
195,Caravelas,-17.7125,-39.2481,72.84,86,10,4.36,BR,1618628005
196,Champerico,14.3,-91.9167,68.0,97,35,8.34,GT,1618627994
197,São João da Barra,-21.6403,-41.0511,72.0,82,27,6.85,BR,1618628001
198,Karwar,14.8,74.1333,83.66,63,0,3.13,IN,1618628260
199,Yar-Sale,66.8333,70.8333,1.74,94,50,9.64,RU,1618628261
200,Dingle,10.9995,122.6711,86.45,61,96,11.43,PH,1618628261
201,Kapuskasing,49.4169,-82.4331,30.2,93,100,4.61,CA,1618628262
202,Tuatapere,-46.1333,167.6833,55.0,61,94,8.01,NZ,1618628262
203,Ponta do Sol,32.6667,-17.1,57.99,67,9,5.01,PT,1618628067
204,Sioux Lookout,50.1001,-91.917,37.4,48,75,4.61,CA,1618628090
205,Pimentel,-6.8367,-79.9342,66.99,82,100,4.0,PE,1618628263
206,Riohacha,11.5444,-72.9072,77.97,85,100,9.17,CO,1618628171
207,Al Bardīyah,31.7561,25.0865,73.38,29,36,15.43,LY,1618628264
208,Bereda,43.2686,-7.5406,33.01,95,49,1.01,ES,1618628264
209,Aitape,-3.1374,142.3475,74.71,95,100,3.0,PG,1618628265
210,Chimbote,-9.0853,-78.5783,66.6,87,100,6.49,PE,1618628265
211,Guerrero Negro,27.9769,-114.0611,59.0,74,0,18.86,MX,1618628266
212,Malindi,-3.2175,40.1191,79.81,82,64,12.39,KE,1618628266
213,Tura,25.5198,90.2201,86.81,38,3,4.09,IN,1618628016
214,Charlestown,-32.95,151.6667,61.0,93,100,4.61,AU,1618628267
215,Fukiage-fujimi,36.1,139.45,57.2,100,90,3.44,JP,1618628267
216,Jacareacanga,-6.2222,-57.7528,73.49,98,100,2.71,BR,1618628268
217,Vila Franca do Campo,37.7167,-25.4333,60.8,100,75,9.22,PT,1618627839
218,Sur,22.5667,59.5289,85.78,42,71,4.09,OM,1618627983
219,La Rioja,42.25,-2.5,41.0,65,75,10.36,ES,1618628145
220,Ampanihy,-24.7,44.75,61.23,69,50,8.05,MG,1618628269
221,Cayenne,4.9333,-52.3333,81.0,78,75,5.75,GF,1618628079
222,Båtsfjord,70.6345,29.7185,39.0,86,100,31.27,NO,1618628270
223,Atambua,-9.1061,124.8925,82.67,60,19,1.81,ID,1618628271
224,Ust'-Koksa,50.2696,85.6108,47.86,47,99,3.53,RU,1618628271
225,Ségou,13.4317,-6.2157,89.46,33,100,4.29,ML,1618628292
226,Surazh,53.0175,32.3918,39.6,94,11,6.53,RU,1618628292
227,Gra Lygia,35.0167,25.6833,71.6,43,40,4.61,GR,1618628293
228,Palmer,42.1584,-72.3287,39.2,75,75,13.8,US,1618628250
229,Biak,-0.9131,122.8766,81.1,75,91,4.85,ID,1618628294
230,Verkhoyansk,67.5447,133.385,29.46,79,100,20.78,RU,1618628294
231,Kalianget,-7.05,113.9333,83.68,69,9,10.04,ID,1618628295
232,Kiryat Gat,31.61,34.7642,63.0,40,2,1.01,IL,1618628295
233,Shenjiamen,29.9576,122.298,61.68,79,99,16.89,CN,1618628109
234,Richards Bay,-28.783,32.0377,62.8,77,99,3.51,ZA,1618628150
235,Egvekinot,66.3167,-179.1667,29.57,98,100,12.15,RU,1618628197
236,Eilat,29.5581,34.9482,71.06,34,0,5.06,IL,1618628297
237,Tomatlán,19.9333,-105.25,68.22,71,0,0.89,MX,1618628092
238,Redcliffe,-27.2307,153.0973,73.0,83,75,6.91,AU,1618628298
239,Sola,-13.8833,167.55,82.6,69,11,14.58,VU,1618628156
240,Upernavik,72.7868,-56.1549,-10.89,99,83,7.49,GL,1618628083
241,Umluj,25.0213,37.2685,75.94,70,0,4.85,SA,1618628299
242,Mgandu,-5.95,34.1333,60.42,96,98,7.2,TZ,1618628299
243,Manokwari,-0.8667,134.0833,83.64,71,99,7.11,ID,1618628300
244,Nieuw Amsterdam,5.8833,-55.0833,79.0,89,62,1.01,SR,1618628300
245,General Roca,-39.0333,-67.5833,50.0,71,0,7.72,AR,1618628301
246,Ilulissat,69.2167,-51.1,5.0,78,90,11.5,GL,1618628046
247,The Valley,18.217,-63.0578,80.6,83,20,9.22,AI,1618627946
248,Kirkwall,58.9848,-2.9587,42.8,93,100,7.99,GB,1618628302
249,Roald,62.5833,6.1333,37.0,69,0,8.05,NO,1618628302
250,Carballo,43.213,-8.691,46.0,81,0,1.14,ES,1618628303
251,Pemba,-12.974,40.5178,73.4,100,40,9.22,MZ,1618628303
252,Lorengau,-2.0226,147.2712,85.53,69,91,8.05,PG,1618628151
253,Mfou,3.7159,11.6427,71.6,94,75,2.3,CM,1618628304
254,São Francisco,-15.9486,-44.8644,67.32,54,2,3.71,BR,1618628305
255,Cologne,50.9333,6.95,46.0,75,0,1.14,DE,1618628306
256,Galt,38.2546,-121.3,68.0,44,2,8.99,US,1618628306
257,Ukiah,39.1502,-123.2078,69.8,24,1,12.66,US,1618628307
258,Emerald,-23.5333,148.1667,84.0,42,0,8.05,AU,1618628308
259,Iqaluit,63.7506,-68.5145,14.0,73,75,9.22,CA,1618628083
260,Maragogi,-9.0122,-35.2225,76.23,87,80,5.26,BR,1618628308
261,Mutsu,41.2894,141.2169,54.0,82,75,3.44,JP,1618628309
262,Taltal,-25.4,-70.4833,61.52,87,33,3.22,CL,1618628121
263,Margate,51.3813,1.3862,42.01,76,2,1.99,GB,1618628309
264,Shellbrook,53.2168,-106.4011,55.4,21,40,4.61,CA,1618628310
265,Codrington,-38.2667,141.9667,62.94,57,100,11.99,AU,1618628310
266,Hirara,24.8,125.2833,77.0,83,75,11.5,JP,1618628311
267,Trindade,-16.6494,-49.4889,73.4,68,0,4.61,BR,1618628312
268,Bhādra,29.1167,75.1667,78.6,36,37,2.42,IN,1618628109
269,Yaan,7.3833,8.5667,78.03,76,100,8.37,NG,1618628312
270,Katsuura,35.1333,140.3,64.99,62,100,17.63,JP,1618628088
271,Ponta Delgada,37.7333,-25.6667,60.8,100,75,9.22,PT,1618628333
272,Bogandé,12.9714,-0.1436,83.46,53,66,15.12,BF,1618628334
273,Laem Sing,12.4816,102.0738,86.0,79,40,2.26,TH,1618628334
274,Binzhou,37.3667,118.0167,60.17,13,0,19.55,CN,1618628335
275,Sabzawār,36.2126,57.6819,60.26,51,0,5.37,IR,1618628172
276,Naryan-Mar,67.6713,53.087,29.05,97,100,12.01,RU,1618628335
277,La Ronge,55.1001,-105.2842,46.4,39,76,2.3,CA,1618628336
278,Rizómata,40.3472,22.2036,48.0,93,100,3.44,GR,1618628337
279,Guhāgar,17.4842,73.1929,83.98,57,0,6.91,IN,1618628337
280,Ahipara,-35.1667,173.1667,64.92,57,2,15.46,NZ,1618628043
281,Lang Suan,9.9456,99.0785,86.0,70,0,2.3,TH,1618628298
282,Ambon City,-3.6954,128.1814,87.8,66,40,8.05,ID,1618628071
283,Kudahuvadhoo,2.6708,72.8944,82.38,70,78,7.2,MV,1618628338
284,Fortuna,40.5982,-124.1573,50.0,100,1,10.36,US,1618628339
285,Carlyle,38.6103,-89.3726,54.0,68,100,1.01,US,1618628339
286,Avera,33.194,-82.5271,55.99,87,1,4.47,US,1618628340
287,Port Keats,-14.25,129.55,91.87,40,99,13.47,AU,1618628340
288,Cootamundra,-34.65,148.0333,66.99,45,0,1.01,AU,1618628341
289,Chara,56.9064,118.2631,35.29,99,97,3.94,RU,1618628161
290,Lavrentiya,65.5833,-171.0,33.3,88,100,9.46,RU,1618628342
291,Huarmey,-10.0681,-78.1522,68.61,83,100,5.66,PE,1618628342
292,Totness,5.8833,-56.3167,77.79,83,10,10.49,SR,1618628343
293,Port Hardy,50.6996,-127.4199,64.4,42,1,8.05,CA,1618628078
294,Dali,25.7,100.1833,65.43,41,100,5.39,CN,1618628344
295,Bandarbeyla,9.4942,50.8122,80.28,72,18,4.72,SO,1618628135
296,Bilibino,68.0546,166.4372,23.88,71,100,7.56,RU,1618628071
297,Goundam,16.4145,-3.6708,83.62,13,57,9.73,ML,1618628344
298,Te Anau,-45.4167,167.7167,54.25,50,55,5.5,NZ,1618628111
299,Taoudenni,22.6783,-3.9836,77.31,18,90,10.29,ML,1618628070
300,San Felipe,10.3399,-68.7425,73.08,96,92,3.0,VE,1618628345
301,Morant Bay,17.8815,-76.4093,80.6,74,20,6.91,JM,1618628346
302,Larsnes,62.2028,5.5773,42.01,68,0,1.99,NO,1618628347
303,Mossamedes,-15.1961,12.1522,80.85,65,11,6.96,AO,1618627804
304,Mohpa,21.3167,78.8167,84.2,28,40,4.61,IN,1618628347
305,Rocha,-34.4833,-54.3333,60.73,94,0,2.17,UY,1618628066
306,Marsh Harbour,26.5412,-77.0636,75.24,71,4,12.84,BS,1618628185
307,Saldanha,-33.0117,17.9442,62.6,55,0,3.44,ZA,1618628348
308,Vila Velha,-20.3297,-40.2925,69.8,94,75,3.44,BR,1618628115
309,Anloga,5.7947,0.8973,82.4,78,20,3.44,GH,1618628349
310,Port-Gentil,-0.7193,8.7815,81.7,78,100,7.25,GA,1618628126
311,Shiraz,29.6036,52.5388,48.2,43,0,2.46,IR,1618628229
312,Zharkent,44.1628,80.0,61.39,55,89,3.36,KZ,1618628350
313,Houma,29.5958,-90.7195,66.2,94,90,10.36,US,1618628172
314,Qaryat Sulūq,31.6682,20.2521,78.08,17,60,13.82,LY,1618628351
315,Agüimes,27.9054,-15.4461,66.2,82,75,19.57,ES,1618628128
316,Lüderitz,-26.6481,15.1594,78.31,33,92,11.83,NA,1618628113
317,Brigantine,39.4101,-74.3646,50.0,66,90,9.22,US,1618628352
318,Puerto Escondido,15.85,-97.0667,80.6,78,40,8.05,MX,1618628353
319,Petropavlovsk-Kamchatskiy,53.0452,158.6483,41.0,36,33,15.66,RU,1618628373
320,Alofi,-19.0595,-169.9187,84.2,65,6,10.36,NU,1618628374
321,Angoche,-16.2325,39.9086,79.11,62,97,16.08,MZ,1618628374
322,Novokuznetsk,53.7557,87.1099,36.84,67,100,14.29,RU,1618628374
323,Geraldton,-28.7667,114.6,80.6,22,100,18.41,AU,1618628375
324,Talaya,61.3833,152.75,25.25,60,7,11.54,RU,1618627861
325,Marystown,47.1666,-55.1483,33.49,82,13,17.49,CA,1618628242
326,Praia,14.9215,-23.5087,69.8,73,20,14.97,CV,1618628208
327,Susanville,40.4163,-120.653,53.6,28,75,4.61,US,1618628231
328,Atherton,53.5237,-2.4935,39.99,69,16,2.93,GB,1618628376
329,Naze,28.3667,129.4833,75.2,88,75,19.57,JP,1618628377
330,Saint-Philippe,-21.3585,55.7679,77.0,83,0,3.44,RE,1618628370
331,Bariloche,-41.1456,-71.3082,54.0,53,40,4.61,AR,1618628121
332,Beringovskiy,63.05,179.3167,33.44,90,100,14.54,RU,1618628378
333,Matara,5.9485,80.5353,81.7,77,87,4.25,LK,1618628101
334,Talnakh,69.4865,88.3972,-8.84,93,100,3.74,RU,1618628239
335,Rāvar,31.2656,56.8055,66.24,33,2,3.49,IR,1618628379
336,Butterworth,5.3991,100.3638,84.99,74,20,4.61,MY,1618628380
337,Saint George,37.1041,-113.5841,60.8,31,90,10.36,US,1618628254
338,Mayumba,-3.432,10.6554,78.51,87,100,4.32,GA,1618628381
339,Nerchinskiy Zavod,51.3088,119.61,48.52,23,5,14.47,RU,1618628382
340,‘Ewa Beach,21.3156,-158.0072,78.8,57,90,8.05,US,1618628132
341,Mattru,7.6244,-11.8332,75.72,88,83,2.04,SL,1618628384
342,Kajaani,64.2273,27.7285,24.8,86,0,1.14,FI,1618628384
343,St. George's,12.0564,-61.7485,80.6,83,40,20.71,GD,1618628385
344,Robertsport,6.7533,-11.3686,80.71,79,100,9.17,LR,1618628386
345,Kulhudhuffushi,6.6221,73.07,83.52,68,91,0.74,MV,1618628386
346,Doctor Arroyo,23.6667,-100.1833,75.33,14,53,3.58,MX,1618628387
347,Mehamn,71.0357,27.8492,39.07,92,100,33.35,NO,1618628379
348,Cap Malheureux,-19.9842,57.6142,81.0,82,36,4.0,MU,1618628388
349,Puri,19.8,85.85,86.0,66,0,12.66,IN,1618628388
350,Thayetmyo,19.3167,95.1833,79.03,69,100,2.55,MM,1618628389
351,Inta,66.0317,60.1659,23.16,93,100,2.55,RU,1618628389
352,Cururupu,-1.8283,-44.8683,74.53,97,100,1.95,BR,1618628390
353,Umm Kaddadah,13.6017,26.6876,71.87,10,18,15.08,SD,1618628390
354,Flinders,-34.5833,150.8552,66.99,67,100,1.01,AU,1618628376
355,Bonthe,7.5264,-12.505,78.58,86,79,6.62,SL,1618628065
356,Oni,42.5794,43.4425,48.72,83,100,4.09,GE,1618628391
357,Laas,46.6166,10.7002,32.0,80,0,5.75,IT,1618628392
358,Nome,64.5011,-165.4064,32.0,86,90,5.75,US,1618628098
359,Robertson,36.5167,-86.8667,53.6,58,20,6.13,US,1618628393
360,Hamilton,39.1834,-84.5333,50.0,71,1,2.77,US,1618628393
361,Araouane,18.9048,-3.5265,84.74,15,100,10.96,ML,1618628394
362,Waingapu,-9.6567,120.2641,84.65,70,62,11.9,ID,1618628394
363,Ilebo,-4.3167,20.5833,69.6,95,91,1.63,CD,1618628349
364,Labuhan,-6.8844,112.2051,84.96,67,30,3.69,ID,1618628154
365,Okha,53.5739,142.9478,33.48,98,95,6.69,RU,1618628415
366,Salalah,17.0151,54.0924,77.0,73,0,5.75,OM,1618628366
367,Solnechnyy,50.7214,136.6319,42.01,78,100,3.24,RU,1618628416
368,Makkah al Mukarramah,21.4267,39.8261,79.47,51,44,2.15,SA,1618628417
369,Ulladulla,-35.35,150.4667,63.0,67,90,6.55,AU,1618628169
370,Mazara del Vallo,37.6641,12.588,53.6,94,20,3.44,IT,1618628418
371,Thinadhoo,0.5333,72.9333,81.77,66,85,4.97,MV,1618628336
372,Khandyga,62.6667,135.6,31.89,93,100,17.9,RU,1618628419
373,Tías,28.9611,-13.645,66.2,77,20,14.97,ES,1618628419
374,Severo-Yeniseyskiy,60.3725,93.0408,7.68,69,83,10.13,RU,1618628168
375,Campbell River,50.0163,-125.2446,68.0,32,1,2.3,CA,1618628421
376,Maţāy,28.419,30.7792,70.0,23,0,8.12,EG,1618628421
377,Necochea,-38.5473,-58.7368,60.08,90,0,5.39,AR,1618628422
378,Berlevåg,70.8578,29.0864,39.49,87,100,34.09,NO,1618628133
379,São Gabriel da Cachoeira,-0.1303,-67.0892,73.24,97,100,1.41,BR,1618628422
380,Tiarei,-17.5333,-149.3333,86.0,66,20,11.5,PF,1618628423
381,Morón,-34.6534,-58.6198,69.01,80,31,3.2,AR,1618628418
382,Deputatsky,69.3,139.9,9.01,86,93,4.94,RU,1618628077
383,Warri,5.5167,5.75,76.6,90,100,2.98,NG,1618628424
384,Freeport,40.6576,-73.5832,46.99,81,90,9.22,US,1618628382
385,Puro,12.4841,123.3827,82.98,71,96,8.97,PH,1618628425
386,Xingyi,24.1877,102.817,57.74,92,100,2.62,CN,1618628166
387,Omsukchan,62.5333,155.8,23.27,59,1,7.34,RU,1618628426
388,Lubango,-14.9172,13.4925,59.23,76,45,1.81,AO,1618628426
389,Aquiraz,-3.9014,-38.3911,80.6,83,40,8.05,BR,1618628144
390,Harrai,22.6167,79.2167,90.0,17,20,12.66,IN,1618628174
391,Valentín Gómez Farías,28.2167,-106.5833,57.0,29,93,1.01,MX,1618628427
392,Kutum,14.2,24.6667,67.73,10,62,8.66,SD,1618627857
393,Encruzilhada,-15.5314,-40.9094,61.34,94,6,4.63,BR,1618628428
394,Turkmenabat,39.0733,63.5786,59.0,51,75,2.3,TM,1618628429
395,Bonavista,48.6499,-53.1147,33.01,86,28,3.44,CA,1618628429
396,Kamenka,51.3223,42.7678,52.0,58,81,5.66,RU,1618628061
397,Salinópolis,-0.6136,-47.3561,78.69,83,98,8.12,BR,1618628430
398,Atar,20.5169,-13.0499,71.62,29,0,9.69,MR,1618627775
399,Selma,36.5708,-119.6121,73.4,25,20,8.05,US,1618628431
400,Mahon,39.8885,4.2658,50.0,57,0,10.36,ES,1618628431
401,Grand Gaube,-20.0064,57.6608,80.01,82,36,5.99,MU,1618628116
402,Puerto Gaitán,4.3133,-72.0816,82.92,67,100,3.33,CO,1618628432
403,Narsaq,60.9167,-46.05,15.8,38,4,2.3,GL,1618628433
404,Mugur-Aksy,50.35,90.5,40.3,25,88,3.98,RU,1618628387
405,Vangaindrano,-23.35,47.6,66.61,79,100,7.87,MG,1618628132
406,Port Hedland,-20.3167,118.5667,93.2,26,0,20.71,AU,1618628064
407,San Patricio,28.017,-97.5169,75.2,94,90,6.91,US,1618628288
408,Catuday,16.2923,119.8062,82.71,68,98,7.9,PH,1618628455
409,Nishihara,26.1842,127.7558,77.0,94,90,10.36,JP,1618628455
410,Santa Cruz de la Sierra,-17.8,-63.1667,73.08,77,0,5.08,BO,1618628358
411,Northam,51.0333,-4.2167,36.0,78,6,1.01,GB,1618628377
412,Wajima,37.4,136.9,51.8,100,75,5.75,JP,1618628456
413,Wajid,3.8093,43.2471,75.49,84,41,13.02,SO,1618628113
414,Yeppoon,-23.1333,150.7333,84.2,51,40,9.22,AU,1618628457
415,Yenagoa,4.9247,6.2642,77.34,86,100,3.27,NG,1618628457
416,Sartell,45.6216,-94.2069,48.99,46,1,5.75,US,1618628458
417,Salym,60.0625,71.4789,31.06,52,100,10.36,RU,1618628459
418,Kavaratti,10.5669,72.642,84.04,72,5,6.46,IN,1618628459
419,Zhigansk,66.7697,123.3711,21.43,76,100,19.01,RU,1618628460
420,Conde,-7.2597,-34.9075,75.2,100,20,3.44,BR,1618627981
421,Mount Gambier,-37.8333,140.7667,62.6,63,90,11.5,AU,1618628376
422,Dzidzantun,21.25,-89.05,77.04,74,0,3.56,MX,1618628461
423,Taikang,46.8333,124.4167,48.63,42,92,14.99,CN,1618628462
424,Coahuayana Viejo,18.7333,-103.6833,70.54,78,0,1.57,MX,1618628104
425,Kazanskoye,55.6448,69.235,35.49,65,7,3.96,RU,1618628462
426,Najrān,17.4924,44.1277,69.8,28,40,4.61,SA,1618628463
427,Podor,16.6527,-14.9587,79.86,23,0,14.16,MR,1618628463
428,Brazzaville,-4.2658,15.2832,75.2,94,40,2.3,CG,1618628464
429,Honiara,-9.4333,159.95,83.95,80,55,5.86,SB,1618628464
430,Kununurra,-15.7667,128.7333,89.6,31,41,10.36,AU,1618628465
431,Valley City,46.9233,-98.0032,41.0,81,90,11.5,US,1618628465
432,Rumoi,43.9344,141.6428,46.26,92,100,11.54,JP,1618628466
433,Kruisfontein,-34.0033,24.7314,50.09,68,1,6.71,ZA,1618627778
434,Boddam,57.4667,-1.7833,39.0,86,92,1.14,GB,1618628467
435,Grand Forks,47.9417,-97.4337,37.0,93,1,8.05,US,1618628467
436,Lompoc,34.6391,-120.4579,53.6,76,2,11.5,US,1618628061
437,Golub-Dobrzyń,53.1109,19.0538,39.0,96,100,8.21,PL,1618628468
438,San Fernando del Valle de Catamarca,-28.4696,-65.7852,62.01,88,7,1.99,AR,1618628181
439,Polunochnoye,60.8697,60.4153,36.45,69,100,9.95,RU,1618628469
440,Wattegama,6.7989,81.4808,78.8,100,75,3.44,LK,1618628469
441,Ishigaki,24.3448,124.1572,73.4,83,75,14.97,JP,1618628138
442,Jiamusi,46.8333,130.35,51.73,46,95,6.91,CN,1618628470
443,Longyearbyen,78.2186,15.6401,14.0,62,20,11.5,SJ,1618628471
444,Awjilah,29.1081,21.2869,81.93,13,1,14.2,LY,1618628133
445,Quatre Cocos,-20.2078,57.7625,81.0,88,40,4.61,MU,1618628472
446,Dzilam González,21.2833,-88.9333,78.19,69,0,4.79,MX,1618628473
447,Saint-Augustin,51.226,-58.6502,30.74,81,31,10.4,CA,1618628163
448,Samarai,-10.6167,150.6667,84.15,74,53,12.66,PG,1618628148
449,Skellefteå,64.7507,20.9528,25.0,93,86,4.61,SE,1618628475
450,Usinsk,65.9939,57.5281,27.63,86,100,17.72,RU,1618628475
451,Palenque/Temp,17.5167,-91.9667,90.18,34,71,2.24,MX,1618628459
452,Camacha,33.0833,-16.3333,62.6,67,75,9.22,PT,1618628132
453,Ardmore,34.1743,-97.1436,50.0,87,90,11.5,US,1618628496
454,Watrous,51.6668,-105.4679,48.2,34,7,2.3,CA,1618628497
455,Cabano,10.5869,122.7002,85.57,67,100,12.68,PH,1618628498
456,Kavieng,-2.5744,150.7967,81.52,73,95,4.27,PG,1618628498
457,Blackwater,-23.5833,148.8833,83.28,33,0,7.29,AU,1618628499
458,Healdsburg,38.6105,-122.8692,55.99,81,20,6.91,US,1618628418
459,La Providencia,28.7167,-111.5833,73.99,41,0,8.95,MX,1618628500
460,Mindelo,16.8901,-24.9804,69.8,73,20,26.46,CV,1618628500
461,Warrington,53.3925,-2.5802,39.99,82,17,3.67,GB,1618628501
462,Mawlaik,23.6333,94.4167,91.54,29,87,5.01,MM,1618628501
463,Bangkal,6.0667,121.0667,83.34,72,100,9.71,PH,1618628502
464,Zhezkazgan,47.8043,67.7144,57.06,42,89,6.4,KZ,1618628122
465,Olafsvik,64.8945,-23.7142,37.54,75,75,27.22,IS,1618628100
466,Kirksville,40.1948,-92.5833,48.2,61,90,6.91,US,1618628433
467,Garissa,-0.4536,39.6401,77.56,85,20,13.73,KE,1618628503
468,Esna,25.2934,32.554,68.0,32,0,4.43,EG,1618628504
469,Mpulungu,-8.7623,31.1141,71.1,84,100,8.37,ZM,1618628504
470,Chalmette,29.9427,-89.9634,66.99,88,90,6.91,US,1618628505
471,Kieta,-6.2167,155.6333,81.55,82,100,7.29,PG,1618628505
472,Saýat,38.7839,63.8803,59.0,51,75,2.3,TM,1618628506
473,Athabasca,54.7169,-113.2854,60.8,29,84,4.61,CA,1618628506
474,Saskylakh,71.9167,114.0833,4.62,92,100,15.21,RU,1618628058
475,Acaraú,-2.8856,-40.12,77.61,89,91,11.01,BR,1618628322
476,Civitanova Marche,43.307,13.7206,43.0,70,100,7.0,IT,1618628508
477,Viedma,-40.8135,-62.9967,61.75,53,62,7.2,AR,1618628508
478,Gemena,3.25,19.7667,70.27,91,93,2.77,CD,1618628509
479,Harper,4.375,-7.7169,79.47,82,57,6.33,LR,1618628509
480,Alibag,18.6411,72.8792,84.2,78,0,7.07,IN,1618628510
481,Faya,18.3851,42.4509,60.8,27,0,5.84,SA,1618628149
482,Acarí,-15.4311,-74.6158,71.19,76,100,2.39,PE,1618628511
483,Broome,42.2506,-75.833,39.99,100,90,9.22,US,1618628511
484,Peniche,39.3558,-9.3811,54.0,91,82,4.94,PT,1618627778
485,Nara,34.6851,135.8049,59.0,94,75,3.44,JP,1618628474
486,Burnie,-41.0667,145.9167,62.01,65,82,8.99,AU,1618628296
487,Muli,2.9167,73.5667,82.72,71,84,7.2,MV,1618628512
488,Goianésia,-15.3175,-49.1175,69.94,69,44,2.17,BR,1618628491
489,Olinda,-8.0089,-34.8553,73.4,88,40,2.3,BR,1618628513
490,Goderich,43.7501,-81.7165,39.2,87,100,5.75,CA,1618628106
491,Eucaliptus,-17.5833,-67.5167,46.96,72,0,6.13,BO,1618628514
492,Poum,-20.2333,164.0167,78.64,73,31,6.71,NC,1618628514
493,Tuy Hoa,13.0833,109.3,85.59,56,80,5.84,VN,1618628515
494,Prince Rupert,54.3161,-130.3201,57.2,51,1,5.75,CA,1618628535
495,Ostrovnoy,68.0531,39.5131,37.2,89,100,24.52,RU,1618628176
496,Aklavik,68.2191,-135.0107,35.6,55,100,3.44,CA,1618628536
497,Auki,-8.7676,160.7034,84.13,73,38,1.74,SB,1618628540
498,Yerbogachën,61.2767,108.0108,12.56,66,100,16.06,RU,1618628540
499,Sortavala,61.7053,30.6918,34.07,91,7,6.51,RU,1618628541
500,Primorka,47.2836,39.0625,50.0,93,40,6.71,RU,1618628541
501,Aasiaat,68.7098,-52.8699,3.6,85,100,10.78,GL,1618628542
502,Cambridge,43.3601,-80.3127,39.99,93,90,8.05,CA,1618628229
503,Miranda,3.2499,-76.2281,68.0,88,75,2.3,CO,1618628543
504,Saint-Pierre,-21.3393,55.4781,77.0,83,0,3.44,RE,1618628180
505,Altay,47.8667,88.1167,54.97,32,68,3.18,CN,1618628544
506,Jerez,14.1,-89.75,72.09,83,65,4.23,GT,1618628544
507,Slave Lake,55.2834,-114.769,44.6,53,75,3.44,CA,1618628409
508,Paamiut,61.994,-49.6678,9.43,65,65,12.68,GL,1618628046
509,Sobolevo,54.4299,31.8996,42.98,92,47,5.21,RU,1618628545
510,Bathsheba,13.2167,-59.5167,80.6,61,40,17.27,BB,1618628383
511,Kashan,33.9831,51.4364,64.8,28,38,4.41,IR,1618628546
512,Hołoby,51.0865,25.0077,41.0,98,100,5.01,UA,1618628546
513,Cockburn Town,21.4612,-71.1419,76.71,72,13,11.39,TC,1618628357
514,Muscat,23.6139,58.5922,78.8,44,0,3.44,OM,1618628542
515,Orlik,52.5178,99.825,40.21,60,100,4.76,RU,1618628550
516,Kaspiysk,42.8816,47.6392,46.4,93,16,8.95,RU,1618628551
517,Nova Lima,-19.9856,-43.8467,60.8,77,0,3.58,BR,1618628551
518,Tefé,-3.3542,-64.7114,73.83,97,100,2.71,BR,1618628552
519,Tongliao,43.6125,122.2653,42.75,61,100,17.56,CN,1618628552
520,Avaré,-23.0986,-48.9258,61.61,92,89,3.44,BR,1618628553
521,Odawara,35.2556,139.1597,62.01,94,75,11.72,JP,1618628553
522,Kaharlyk,49.8623,30.8282,41.0,93,90,6.71,UA,1618628554
523,San Quintín,30.4833,-115.95,57.49,78,0,15.32,MX,1618627927
524,Cerqueira César,-23.0356,-49.1661,62.24,92,99,3.13,BR,1618628555
525,Tamale,9.4008,-0.8393,80.6,63,100,9.57,GH,1618628555
526,Tateyama,34.9833,139.8667,64.99,72,75,13.8,JP,1618628513
527,Springbok,-29.6643,17.8865,68.14,32,51,5.01,ZA,1618628130
528,Itarema,-2.9248,-39.9167,77.22,89,90,9.78,BR,1618628556
529,Ouadda,8.0777,22.4007,67.14,17,48,3.76,CF,1618628287
530,Kopavogur,64.1123,-21.913,41.0,60,90,19.57,IS,1618628557
531,Vestmanna,62.1564,-7.1664,44.6,100,75,10.36,FO,1618628558
532,Bambanglipuro,-7.95,110.2833,85.26,66,85,9.46,ID,1618628510
533,Qalyub,30.1792,31.2056,64.0,59,0,3.44,EG,1618628559
534,Lagoa,39.05,-27.9833,61.83,95,98,12.08,PT,1618628521
535,Pokhara,28.2333,83.9833,85.14,14,58,5.21,NP,1618628560
536,Dehlorān,32.6941,47.2679,73.26,23,100,5.84,IR,1618628560
537,Shache,38.4167,77.2406,62.35,29,100,10.04,CN,1618628581
538,Gezing,47.9178,13.1299,33.01,86,90,1.14,AT,1618628582
539,Tual,-5.6667,132.75,83.12,71,56,13.98,ID,1618628178
540,Balkanabat,39.5108,54.3671,64.74,47,4,7.31,TM,1618628583
541,Buraidah,26.326,43.975,68.0,73,20,12.66,SA,1618628583
542,Suslovo,56.2167,88.1167,25.16,66,52,8.1,RU,1618628584
543,Lang Son,21.8333,106.7333,69.96,93,100,4.43,VN,1618628584
544,Dakoro,14.5106,6.765,78.03,8,35,7.7,NE,1618628585
545,Blumenau,-26.9194,-49.0661,70.0,95,100,0.6,BR,1618628357
546,Santa Comba,43.0331,-8.8093,46.0,54,60,10.0,ES,1618628586
547,Macao,22.2006,113.5461,75.2,88,40,4.61,MO,1618628586
548,Conceição do Araguaia,-8.2578,-49.2647,73.72,91,97,2.21,BR,1618628467
549,Salinas,36.6777,-121.6555,53.6,71,90,9.22,US,1618628441
550,Lima,-12.0432,-77.0282,69.01,88,0,6.91,PE,1618628587
551,Barpeta,26.3167,91.0,68.0,77,90,3.44,IN,1618628588
552,Kidal,18.4411,1.4078,85.64,7,63,6.96,ML,1618628362
553,Markova,48.6758,24.4138,32.31,87,89,4.45,UA,1618628589
554,Sørland,67.667,12.6934,40.5,82,0,15.28,NO,1618628150
555,Nador,35.174,-2.9287,53.6,94,0,2.3,MA,1618628590
556,Aguçadoura,41.4318,-8.7804,55.99,82,0,6.91,PT,1618628555
557,Malanje,-9.5402,16.341,61.7,98,100,3.15,AO,1618628590
558,Hollins,37.3413,-79.9431,51.8,46,1,11.5,US,1618628591
559,Anadyr,64.75,177.4833,35.6,80,0,24.61,RU,1618627822
560,Cassino,41.4876,13.8315,50.0,36,100,1.01,IT,1618628592
561,Krasnyy Chikoy,50.3643,108.7512,52.93,29,8,10.78,RU,1618628528
562,Bolama,11.5833,-15.4667,76.73,66,48,9.37,GW,1618628592
563,Naberera,-4.2,36.9333,61.65,88,100,5.55,TZ,1618628593
564,Shalya,57.2471,58.7298,37.11,62,53,2.04,RU,1618628594
565,Mwense,-10.3845,28.698,64.63,90,100,5.77,ZM,1618628594
566,Assiut,27.181,31.1837,68.0,37,0,11.5,EG,1618628595
567,Gizo Government Station,-8.103,156.8419,84.45,69,52,5.12,SB,1618628069
568,Goedereede,51.8175,3.9806,41.0,85,8,13.27,NL,1618628596
569,Stephenville,32.2207,-98.2023,55.4,82,90,18.41,US,1618628148
570,Inongo,-1.95,18.2667,72.16,90,100,3.58,CD,1618628533
571,Turan,16.0678,108.2208,82.4,78,40,5.75,VN,1618628597
572,Mafinga,-7.25,35.0667,63.75,94,92,2.04,TZ,1618628592
573,Leh,34.1667,77.5833,36.82,68,100,4.72,IN,1618628569
574,Kyabé,9.4515,18.9449,82.42,11,51,5.39,TD,1618628598
575,Wanaka,-44.7,169.15,55.0,64,29,2.53,NZ,1618628376
576,Vilyuysk,63.7553,121.6247,24.04,77,71,13.76,RU,1618628592
577,Mpongwe,-13.5091,28.155,61.61,67,4,11.34,ZM,1618628600
578,Khovu-Aksy,51.1333,93.6,49.44,37,13,2.17,RU,1618628600
579,Hanyang,32.1371,105.5126,61.39,74,100,2.57,CN,1618628601
580,Palana,59.1167,159.9667,25.63,89,100,25.34,RU,1618628601
581,Muscatine,41.4667,-91.1335,53.6,62,90,5.75,US,1618628602
582,Kaeo,-35.1,173.7833,66.0,64,17,11.01,NZ,1618628153
583,Tautira,-17.7333,-149.15,86.0,66,20,11.5,PF,1618628544
584,San Andrés,12.5847,-81.7006,82.4,83,75,11.5,CO,1618628623
585,Forrest City,35.0081,-90.7898,59.0,55,90,3.44,US,1618628624
586,Nioro,13.35,-15.75,76.24,38,4,7.29,GM,1618628153
587,Sinnamary,5.3833,-52.95,78.28,81,81,11.3,GF,1618628342
588,Megion,61.0296,76.1136,24.8,50,0,13.42,RU,1618628439
589,Sinazongwe,-17.2614,27.4618,69.51,49,99,6.85,ZM,1618628625
